id node1;id node2;name node1;name node2;parent id node1;parent id node2;parent name node1;parent name node2;edge confidence;edge weight(med flm)
127;504;rh.caudalmiddlefrontal_11;Right-Putamen;9;37;ctx-rh-caudalmiddlefrontal;Right-Putamen;411;22.239342
127;145;rh.caudalmiddlefrontal_11;rh.precentral_19;9;10;ctx-rh-caudalmiddlefrontal;ctx-rh-precentral;294;18.400002
127;131;rh.caudalmiddlefrontal_11;rh.caudalmiddlefrontal_6;9;9;ctx-rh-caudalmiddlefrontal;ctx-rh-caudalmiddlefrontal;327;18.400001
127;494;rh.caudalmiddlefrontal_11;rh.insula_10;9;34;ctx-rh-caudalmiddlefrontal;ctx-rh-insula;328;17.400008
127;503;rh.caudalmiddlefrontal_11;Right-Caudate;9;36;ctx-rh-caudalmiddlefrontal;Right-Caudate;406;16.949566
959;1013;lh.bankssts_4;Left-Hippocampus;72;81;ctx-lh-bankssts;Left-Hippocampus;356;31.565182
580;1010;lh.rostralmiddlefrontal_3;Left-Putamen;48;78;ctx-lh-rostralmiddlefrontal;Left-Putamen;345;44.074083
194;503;rh.posteriorcingulate_5;Right-Caudate;14;36;ctx-rh-posteriorcingulate;Right-Caudate;363;12.233332
517;1010;lh.lateralorbitofrontal_10;Left-Putamen;42;78;ctx-lh-lateralorbitofrontal;Left-Putamen;396;16.809091
517;521;lh.lateralorbitofrontal_10;lh.lateralorbitofrontal_8;42;42;ctx-lh-lateralorbitofrontal;ctx-lh-lateralorbitofrontal;332;13.955002
454;507;rh.bankssts_2;Right-Hippocampus;31;40;ctx-rh-bankssts;Right-Hippocampus;317;24.400003
634;637;lh.caudalmiddlefrontal_3;lh.caudalmiddlefrontal_4;50;50;ctx-lh-caudalmiddlefrontal;ctx-lh-caudalmiddlefrontal;323;13.559999
578;1010;lh.rostralmiddlefrontal_7;Left-Putamen;48;78;ctx-lh-rostralmiddlefrontal;Left-Putamen;336;41.087879
695;1009;lh.caudalanteriorcingulate_1;Left-Caudate;54;77;ctx-lh-caudalanteriorcingulate;Left-Caudate;367;13.266667
29;503;rh.medialorbitofrontal_8;Right-Caudate;4;36;ctx-rh-medialorbitofrontal;Right-Caudate;354;14.985708
153;504;rh.precentral_32;Right-Putamen;10;37;ctx-rh-precentral;Right-Putamen;301;36.679993
129;504;rh.caudalmiddlefrontal_1;Right-Putamen;9;37;ctx-rh-caudalmiddlefrontal;Right-Putamen;327;26.385718
129;131;rh.caudalmiddlefrontal_1;rh.caudalmiddlefrontal_6;9;9;ctx-rh-caudalmiddlefrontal;ctx-rh-caudalmiddlefrontal;343;13.933332
548;553;lh.parsopercularis_6;lh.parsopercularis_4;47;47;ctx-lh-parsopercularis;ctx-lh-parsopercularis;321;12.949993
495;504;rh.insula_1;Right-Putamen;34;37;ctx-rh-insula;Right-Putamen;411;15.655553
966;1013;lh.superiortemporal_18;Left-Hippocampus;73;81;ctx-lh-superiortemporal;Left-Hippocampus;366;21.889612
992;1010;lh.insula_2;Left-Putamen;75;78;ctx-lh-insula;Left-Putamen;354;17.280001
662;1010;lh.precentral_25;Left-Putamen;51;78;ctx-lh-precentral;Left-Putamen;325;30.999997
706;1009;lh.posteriorcingulate_1;Left-Caudate;55;77;ctx-lh-posteriorcingulate;Left-Caudate;350;13.783217
14;504;rh.lateralorbitofrontal_3;Right-Putamen;1;37;ctx-rh-lateralorbitofrontal;Right-Putamen;386;29.210001
145;504;rh.precentral_19;Right-Putamen;10;37;ctx-rh-precentral;Right-Putamen;395;32.500000
145;487;rh.precentral_19;rh.insula_13;10;34;ctx-rh-precentral;ctx-rh-insula;311;17.666662
145;159;rh.precentral_19;rh.precentral_7;10;10;ctx-rh-precentral;ctx-rh-precentral;340;17.649997
145;488;rh.precentral_19;rh.insula_6;10;34;ctx-rh-precentral;ctx-rh-insula;299;21.766665
124;127;rh.caudalmiddlefrontal_3;rh.caudalmiddlefrontal_11;9;9;ctx-rh-caudalmiddlefrontal;ctx-rh-caudalmiddlefrontal;314;17.287136
993;1010;lh.insula_16;Left-Putamen;75;78;ctx-lh-insula;Left-Putamen;350;13.708334
993;1008;lh.insula_16;Left-Thalamus-Proper;75;76;ctx-lh-insula;Left-Thalamus-Proper;300;13.000000
486;504;rh.insula_16;Right-Putamen;34;37;ctx-rh-insula;Right-Putamen;407;16.085717
486;502;rh.insula_16;Right-Thalamus-Proper;34;35;ctx-rh-insula;Right-Thalamus-Proper;323;13.400001
1015;1015;Brain-Stem;Brain-Stem;83;83;Brain-Stem;Brain-Stem;335;11.700005
98;102;rh.superiorfrontal_25;rh.superiorfrontal_5;8;8;ctx-rh-superiorfrontal;ctx-rh-superiorfrontal;322;14.433335
98;103;rh.superiorfrontal_25;rh.superiorfrontal_22;8;8;ctx-rh-superiorfrontal;ctx-rh-superiorfrontal;336;13.216668
1000;1014;lh.insula_13;Left-Amygdala;75;82;ctx-lh-insula;Left-Amygdala;321;11.800004
523;1010;lh.lateralorbitofrontal_1;Left-Putamen;42;78;ctx-lh-lateralorbitofrontal;Left-Putamen;375;37.428583
460;507;rh.superiortemporal_14;Right-Hippocampus;32;40;ctx-rh-superiortemporal;Right-Hippocampus;362;25.000011
723;1010;lh.postcentral_21;Left-Putamen;57;78;ctx-lh-postcentral;Left-Putamen;337;39.405267
180;504;rh.rostralanteriorcingulate_2;Right-Putamen;12;37;ctx-rh-rostralanteriorcingulate;Right-Putamen;303;24.600002
180;503;rh.rostralanteriorcingulate_2;Right-Caudate;12;36;ctx-rh-rostralanteriorcingulate;Right-Caudate;414;13.236508
637;1010;lh.caudalmiddlefrontal_4;Left-Putamen;50;78;ctx-lh-caudalmiddlefrontal;Left-Putamen;339;34.000000
637;641;lh.caudalmiddlefrontal_4;lh.caudalmiddlefrontal_10;50;50;ctx-lh-caudalmiddlefrontal;ctx-lh-caudalmiddlefrontal;294;14.851515
637;1009;lh.caudalmiddlefrontal_4;Left-Caudate;50;77;ctx-lh-caudalmiddlefrontal;Left-Caudate;346;24.319997
690;1010;lh.rostralanteriorcingulate_3;Left-Putamen;53;78;ctx-lh-rostralanteriorcingulate;Left-Putamen;364;33.846116
690;1009;lh.rostralanteriorcingulate_3;Left-Caudate;53;77;ctx-lh-rostralanteriorcingulate;Left-Caudate;336;24.266674
488;504;rh.insula_6;Right-Putamen;34;37;ctx-rh-insula;Right-Putamen;377;14.200001
61;70;rh.rostralmiddlefrontal_7;rh.rostralmiddlefrontal_2;7;7;ctx-rh-rostralmiddlefrontal;ctx-rh-rostralmiddlefrontal;294;14.187497
1012;1013;Left-Accumbens-area;Left-Hippocampus;80;81;Left-Accumbens-area;Left-Hippocampus;313;25.211765
189;503;rh.caudalanteriorcingulate_5;Right-Caudate;13;36;ctx-rh-caudalanteriorcingulate;Right-Caudate;400;12.155000
107;110;rh.superiorfrontal_42;rh.superiorfrontal_33;8;8;ctx-rh-superiorfrontal;ctx-rh-superiorfrontal;303;15.000001
107;111;rh.superiorfrontal_42;rh.superiorfrontal_28;8;8;ctx-rh-superiorfrontal;ctx-rh-superiorfrontal;320;13.000007
417;508;rh.inferiortemporal_16;Right-Amygdala;29;41;ctx-rh-inferiortemporal;Right-Amygdala;336;12.759994
12;504;rh.lateralorbitofrontal_12;Right-Putamen;1;37;ctx-rh-lateralorbitofrontal;Right-Putamen;383;22.880002
507;508;Right-Hippocampus;Right-Amygdala;40;41;Right-Hippocampus;Right-Amygdala;347;17.333331
507;507;Right-Hippocampus;Right-Hippocampus;40;40;Right-Hippocampus;Right-Hippocampus;417;16.020000
573;1010;lh.rostralmiddlefrontal_23;Left-Putamen;48;78;ctx-lh-rostralmiddlefrontal;Left-Putamen;333;40.333344
567;578;lh.rostralmiddlefrontal_26;lh.rostralmiddlefrontal_7;48;48;ctx-lh-rostralmiddlefrontal;ctx-lh-rostralmiddlefrontal;299;27.570001
567;573;lh.rostralmiddlefrontal_26;lh.rostralmiddlefrontal_23;48;48;ctx-lh-rostralmiddlefrontal;ctx-lh-rostralmiddlefrontal;314;20.461908
506;1015;Right-Accumbens-area;Brain-Stem;39;83;Right-Accumbens-area;Brain-Stem;299;28.399992
506;507;Right-Accumbens-area;Right-Hippocampus;39;40;Right-Accumbens-area;Right-Hippocampus;321;26.280001
144;504;rh.precentral_23;Right-Putamen;10;37;ctx-rh-precentral;Right-Putamen;376;31.123640
965;1013;lh.superiortemporal_24;Left-Hippocampus;73;81;ctx-lh-superiortemporal;Left-Hippocampus;384;22.534314
661;1010;lh.precentral_6;Left-Putamen;51;78;ctx-lh-precentral;Left-Putamen;393;30.300001
661;992;lh.precentral_6;lh.insula_2;51;75;ctx-lh-precentral;ctx-lh-insula;347;17.680000
661;996;lh.precentral_6;lh.insula_8;51;75;ctx-lh-precentral;ctx-lh-insula;335;20.546663
661;1009;lh.precentral_6;Left-Caudate;51;77;ctx-lh-precentral;Left-Caudate;298;22.999994
254;504;rh.supramarginal_17;Right-Putamen;17;37;ctx-rh-supramarginal;Right-Putamen;333;28.750004
254;507;rh.supramarginal_17;Right-Hippocampus;17;40;ctx-rh-supramarginal;Right-Hippocampus;350;25.882104
496;504;rh.insula_7;Right-Putamen;34;37;ctx-rh-insula;Right-Putamen;397;14.740002
607;613;lh.superiorfrontal_22;lh.superiorfrontal_7;49;49;ctx-lh-superiorfrontal;ctx-lh-superiorfrontal;309;13.711112
607;612;lh.superiorfrontal_22;lh.superiorfrontal_36;49;49;ctx-lh-superiorfrontal;ctx-lh-superiorfrontal;310;14.950006
607;616;lh.superiorfrontal_22;lh.superiorfrontal_34;49;49;ctx-lh-superiorfrontal;ctx-lh-superiorfrontal;326;16.052027
607;614;lh.superiorfrontal_22;lh.superiorfrontal_2;49;49;ctx-lh-superiorfrontal;ctx-lh-superiorfrontal;305;13.533334
235;504;rh.supramarginal_19;Right-Putamen;17;37;ctx-rh-supramarginal;Right-Putamen;319;37.266668
301;507;rh.inferiorparietal_18;Right-Hippocampus;19;40;ctx-rh-inferiorparietal;Right-Hippocampus;335;32.000004
694;1009;lh.caudalanteriorcingulate_4;Left-Caudate;54;77;ctx-lh-caudalanteriorcingulate;Left-Caudate;404;12.707880
94;503;rh.superiorfrontal_11;Right-Caudate;8;36;ctx-rh-superiorfrontal;Right-Caudate;297;24.506665
51;504;rh.parsopercularis_2;Right-Putamen;6;37;ctx-rh-parsopercularis;Right-Putamen;401;18.057145
51;494;rh.parsopercularis_2;rh.insula_10;6;34;ctx-rh-parsopercularis;ctx-rh-insula;309;12.600007
51;503;rh.parsopercularis_2;Right-Caudate;6;36;ctx-rh-parsopercularis;Right-Caudate;323;18.500004
493;504;rh.insula_11;Right-Putamen;34;37;ctx-rh-insula;Right-Putamen;368;13.058336
534;1010;lh.medialorbitofrontal_5;Left-Putamen;45;78;ctx-lh-medialorbitofrontal;Left-Putamen;365;31.800013
534;1009;lh.medialorbitofrontal_5;Left-Caudate;45;77;ctx-lh-medialorbitofrontal;Left-Caudate;338;23.552387
633;1010;lh.caudalmiddlefrontal_5;Left-Putamen;50;78;ctx-lh-caudalmiddlefrontal;Left-Putamen;382;24.068335
633;637;lh.caudalmiddlefrontal_5;lh.caudalmiddlefrontal_4;50;50;ctx-lh-caudalmiddlefrontal;ctx-lh-caudalmiddlefrontal;314;16.664103
633;641;lh.caudalmiddlefrontal_5;lh.caudalmiddlefrontal_10;50;50;ctx-lh-caudalmiddlefrontal;ctx-lh-caudalmiddlefrontal;327;17.200002
633;1009;lh.caudalmiddlefrontal_5;Left-Caudate;50;77;ctx-lh-caudalmiddlefrontal;Left-Caudate;347;18.966663
633;661;lh.caudalmiddlefrontal_5;lh.precentral_6;50;51;ctx-lh-caudalmiddlefrontal;ctx-lh-precentral;318;16.214289
1011;1013;Left-Pallidum;Left-Hippocampus;79;81;Left-Pallidum;Left-Hippocampus;324;15.599998
1011;1012;Left-Pallidum;Left-Accumbens-area;79;80;Left-Pallidum;Left-Accumbens-area;313;13.166669
151;504;rh.precentral_9;Right-Putamen;10;37;ctx-rh-precentral;Right-Putamen;339;31.920007
700;1009;lh.posteriorcingulate_8;Left-Caudate;55;77;ctx-lh-posteriorcingulate;Left-Caudate;382;12.305559
78;81;rh.rostralmiddlefrontal_6;rh.superiorfrontal_3;7;8;ctx-rh-rostralmiddlefrontal;ctx-rh-superiorfrontal;318;13.200008
769;991;lh.superiorparietal_27;lh.insula_5;59;75;ctx-lh-superiorparietal;ctx-lh-insula;311;19.563640
769;1010;lh.superiorparietal_27;Left-Putamen;59;78;ctx-lh-superiorparietal;Left-Putamen;318;37.650002
751;770;lh.supramarginal_3;lh.superiorparietal_25;58;59;ctx-lh-supramarginal;ctx-lh-superiorparietal;317;16.061539
606;616;lh.superiorfrontal_28;lh.superiorfrontal_34;49;49;ctx-lh-superiorfrontal;ctx-lh-superiorfrontal;314;13.100003
60;63;rh.rostralmiddlefrontal_18;rh.rostralmiddlefrontal_23;7;7;ctx-rh-rostralmiddlefrontal;ctx-rh-rostralmiddlefrontal;295;17.280005
691;1009;lh.rostralanteriorcingulate_2;Left-Caudate;53;77;ctx-lh-rostralanteriorcingulate;Left-Caudate;404;16.792877
691;1010;lh.rostralanteriorcingulate_2;Left-Putamen;53;78;ctx-lh-rostralanteriorcingulate;Left-Putamen;351;33.574997
666;1010;lh.precentral_11;Left-Putamen;51;78;ctx-lh-precentral;Left-Putamen;355;27.400005
82;87;rh.superiorfrontal_14;rh.superiorfrontal_19;8;8;ctx-rh-superiorfrontal;ctx-rh-superiorfrontal;367;13.799998
650;685;lh.precentral_26;lh.paracentral_6;51;52;ctx-lh-precentral;ctx-lh-paracentral;299;14.600004
590;594;lh.superiorfrontal_35;lh.superiorfrontal_23;49;49;ctx-lh-superiorfrontal;ctx-lh-superiorfrontal;313;13.300011
590;602;lh.superiorfrontal_35;lh.superiorfrontal_29;49;49;ctx-lh-superiorfrontal;ctx-lh-superiorfrontal;298;18.339997
545;580;lh.parstriangularis_6;lh.rostralmiddlefrontal_3;46;48;ctx-lh-parstriangularis;ctx-lh-rostralmiddlefrontal;306;31.384994
545;578;lh.parstriangularis_6;lh.rostralmiddlefrontal_7;46;48;ctx-lh-parstriangularis;ctx-lh-rostralmiddlefrontal;340;23.751902
545;573;lh.parstriangularis_6;lh.rostralmiddlefrontal_23;46;48;ctx-lh-parstriangularis;ctx-lh-rostralmiddlefrontal;319;21.684004
191;503;rh.posteriorcingulate_1;Right-Caudate;14;36;ctx-rh-posteriorcingulate;Right-Caudate;400;11.836667
187;503;rh.caudalanteriorcingulate_2;Right-Caudate;13;36;ctx-rh-caudalanteriorcingulate;Right-Caudate;344;12.103336
1006;1010;lh.insula_3;Left-Putamen;75;78;ctx-lh-insula;Left-Putamen;382;14.926666
996;1010;lh.insula_8;Left-Putamen;75;78;ctx-lh-insula;Left-Putamen;337;13.799999
651;1010;lh.precentral_21;Left-Putamen;51;78;ctx-lh-precentral;Left-Putamen;393;36.226664
651;662;lh.precentral_21;lh.precentral_25;51;51;ctx-lh-precentral;ctx-lh-precentral;351;26.675003
651;1008;lh.precentral_21;Left-Thalamus-Proper;51;76;ctx-lh-precentral;Left-Thalamus-Proper;308;35.199999
651;1009;lh.precentral_21;Left-Caudate;51;77;ctx-lh-precentral;Left-Caudate;365;22.488000
651;661;lh.precentral_21;lh.precentral_6;51;51;ctx-lh-precentral;ctx-lh-precentral;365;21.828567
629;1010;lh.caudalmiddlefrontal_9;Left-Putamen;50;78;ctx-lh-caudalmiddlefrontal;Left-Putamen;301;31.850006
629;632;lh.caudalmiddlefrontal_9;lh.caudalmiddlefrontal_13;50;50;ctx-lh-caudalmiddlefrontal;ctx-lh-caudalmiddlefrontal;330;16.176665
629;631;lh.caudalmiddlefrontal_9;lh.caudalmiddlefrontal_1;50;50;ctx-lh-caudalmiddlefrontal;ctx-lh-caudalmiddlefrontal;308;13.362497
629;1009;lh.caudalmiddlefrontal_9;Left-Caudate;50;77;ctx-lh-caudalmiddlefrontal;Left-Caudate;322;21.963216
498;507;rh.insula_3;Right-Hippocampus;34;40;ctx-rh-insula;Right-Hippocampus;362;13.253573
498;508;rh.insula_3;Right-Amygdala;34;41;ctx-rh-insula;Right-Amygdala;363;12.199987
7;504;rh.lateralorbitofrontal_4;Right-Putamen;1;37;ctx-rh-lateralorbitofrontal;Right-Putamen;384;15.939611
99;104;rh.superiorfrontal_24;rh.superiorfrontal_21;8;8;ctx-rh-superiorfrontal;ctx-rh-superiorfrontal;320;13.921428
99;103;rh.superiorfrontal_24;rh.superiorfrontal_22;8;8;ctx-rh-superiorfrontal;ctx-rh-superiorfrontal;344;13.710002
566;1009;lh.rostralmiddlefrontal_4;Left-Caudate;48;77;ctx-lh-rostralmiddlefrontal;Left-Caudate;310;20.442860
500;508;rh.insula_12;Right-Amygdala;34;41;ctx-rh-insula;Right-Amygdala;357;16.714288
500;504;rh.insula_12;Right-Putamen;34;37;ctx-rh-insula;Right-Putamen;393;13.666667
255;504;rh.superiorparietal_13;Right-Putamen;18;37;ctx-rh-superiorparietal;Right-Putamen;348;41.040000
533;583;lh.medialorbitofrontal_4;lh.rostralmiddlefrontal_1;45;48;ctx-lh-medialorbitofrontal;ctx-lh-rostralmiddlefrontal;298;12.474999
359;390;rh.lateraloccipital_3;rh.fusiform_2;23;25;ctx-rh-lateraloccipital;ctx-rh-fusiform;325;14.300014
182;503;rh.rostralanteriorcingulate_4;Right-Caudate;12;36;ctx-rh-rostralanteriorcingulate;Right-Caudate;410;14.155000
108;114;rh.superiorfrontal_13;rh.superiorfrontal_6;8;8;ctx-rh-superiorfrontal;ctx-rh-superiorfrontal;328;13.000002
1001;1014;lh.insula_11;Left-Amygdala;75;82;ctx-lh-insula;Left-Amygdala;355;14.100006
632;1010;lh.caudalmiddlefrontal_13;Left-Putamen;50;78;ctx-lh-caudalmiddlefrontal;Left-Putamen;413;18.320007
632;637;lh.caudalmiddlefrontal_13;lh.caudalmiddlefrontal_4;50;50;ctx-lh-caudalmiddlefrontal;ctx-lh-caudalmiddlefrontal;336;18.759260
632;1009;lh.caudalmiddlefrontal_13;Left-Caudate;50;77;ctx-lh-caudalmiddlefrontal;Left-Caudate;405;17.040906
991;1010;lh.insula_5;Left-Putamen;75;78;ctx-lh-insula;Left-Putamen;382;20.508339
991;1008;lh.insula_5;Left-Thalamus-Proper;75;76;ctx-lh-insula;Left-Thalamus-Proper;316;15.116666
692;1010;lh.rostralanteriorcingulate_5;Left-Putamen;53;78;ctx-lh-rostralanteriorcingulate;Left-Putamen;293;33.047058
692;1009;lh.rostralanteriorcingulate_5;Left-Caudate;53;77;ctx-lh-rostralanteriorcingulate;Left-Caudate;323;20.000004
514;1010;lh.lateralorbitofrontal_2;Left-Putamen;42;78;ctx-lh-lateralorbitofrontal;Left-Putamen;395;17.763637
513;1010;lh.lateralorbitofrontal_13;Left-Putamen;42;78;ctx-lh-lateralorbitofrontal;Left-Putamen;362;27.916663
50;504;rh.parsopercularis_6;Right-Putamen;6;37;ctx-rh-parsopercularis;Right-Putamen;324;21.321215
50;503;rh.parsopercularis_6;Right-Caudate;6;36;ctx-rh-parsopercularis;Right-Caudate;315;19.500000
645;684;lh.precentral_17;lh.paracentral_4;51;52;ctx-lh-precentral;ctx-lh-paracentral;302;15.233331
128;504;rh.caudalmiddlefrontal_10;Right-Putamen;9;37;ctx-rh-caudalmiddlefrontal;Right-Putamen;372;27.144929
128;131;rh.caudalmiddlefrontal_10;rh.caudalmiddlefrontal_6;9;9;ctx-rh-caudalmiddlefrontal;ctx-rh-caudalmiddlefrontal;357;13.399994
128;503;rh.caudalmiddlefrontal_10;Right-Caudate;9;36;ctx-rh-caudalmiddlefrontal;Right-Caudate;307;19.999994
1005;1010;lh.insula_7;Left-Putamen;75;78;ctx-lh-insula;Left-Putamen;388;13.499998
28;504;rh.medialorbitofrontal_10;Right-Putamen;4;37;ctx-rh-medialorbitofrontal;Right-Putamen;380;29.092849
28;78;rh.medialorbitofrontal_10;rh.rostralmiddlefrontal_6;4;7;ctx-rh-medialorbitofrontal;ctx-rh-rostralmiddlefrontal;310;14.546663
28;77;rh.medialorbitofrontal_10;rh.rostralmiddlefrontal_1;4;7;ctx-rh-medialorbitofrontal;ctx-rh-rostralmiddlefrontal;315;13.942857
28;503;rh.medialorbitofrontal_10;Right-Caudate;4;36;ctx-rh-medialorbitofrontal;Right-Caudate;317;19.666668
192;504;rh.posteriorcingulate_7;Right-Putamen;14;37;ctx-rh-posteriorcingulate;Right-Putamen;325;32.399998
192;503;rh.posteriorcingulate_7;Right-Caudate;14;36;ctx-rh-posteriorcingulate;Right-Caudate;343;13.600000
303;507;rh.inferiorparietal_20;Right-Hippocampus;19;40;ctx-rh-inferiorparietal;Right-Hippocampus;369;34.200007
303;490;rh.inferiorparietal_20;rh.insula_5;19;34;ctx-rh-inferiorparietal;ctx-rh-insula;325;33.275004
614;632;lh.superiorfrontal_2;lh.caudalmiddlefrontal_13;49;50;ctx-lh-superiorfrontal;ctx-lh-caudalmiddlefrontal;296;24.149262
614;1009;lh.superiorfrontal_2;Left-Caudate;49;77;ctx-lh-superiorfrontal;Left-Caudate;316;24.800004
699;1009;lh.posteriorcingulate_4;Left-Caudate;55;77;ctx-lh-posteriorcingulate;Left-Caudate;358;13.600002
699;1010;lh.posteriorcingulate_4;Left-Putamen;55;78;ctx-lh-posteriorcingulate;Left-Putamen;316;28.399999
501;504;rh.insula_9;Right-Putamen;34;37;ctx-rh-insula;Right-Putamen;409;15.444444
490;502;rh.insula_5;Right-Thalamus-Proper;34;35;ctx-rh-insula;Right-Thalamus-Proper;368;14.116666
490;507;rh.insula_5;Right-Hippocampus;34;40;ctx-rh-insula;Right-Hippocampus;386;17.131538
490;504;rh.insula_5;Right-Putamen;34;37;ctx-rh-insula;Right-Putamen;325;14.150000
155;504;rh.precentral_15;Right-Putamen;10;37;ctx-rh-precentral;Right-Putamen;388;41.139886
155;159;rh.precentral_15;rh.precentral_7;10;10;ctx-rh-precentral;ctx-rh-precentral;329;13.966665
591;601;lh.superiorfrontal_42;lh.superiorfrontal_21;49;49;ctx-lh-superiorfrontal;ctx-lh-superiorfrontal;352;13.562502
591;602;lh.superiorfrontal_42;lh.superiorfrontal_29;49;49;ctx-lh-superiorfrontal;ctx-lh-superiorfrontal;334;13.352382
603;1010;lh.superiorfrontal_44;Left-Putamen;49;78;ctx-lh-superiorfrontal;Left-Putamen;305;34.033330
603;632;lh.superiorfrontal_44;lh.caudalmiddlefrontal_13;49;50;ctx-lh-superiorfrontal;ctx-lh-caudalmiddlefrontal;298;23.892857
603;1009;lh.superiorfrontal_44;Left-Caudate;49;77;ctx-lh-superiorfrontal;Left-Caudate;365;22.300003
90;93;rh.superiorfrontal_27;rh.superiorfrontal_2;8;8;ctx-rh-superiorfrontal;ctx-rh-superiorfrontal;371;13.500018
90;94;rh.superiorfrontal_27;rh.superiorfrontal_11;8;8;ctx-rh-superiorfrontal;ctx-rh-superiorfrontal;332;13.516668
1004;1010;lh.insula_4;Left-Putamen;75;78;ctx-lh-insula;Left-Putamen;376;14.416667
16;504;rh.lateralorbitofrontal_14;Right-Putamen;1;37;ctx-rh-lateralorbitofrontal;Right-Putamen;397;36.100003
1013;1013;Left-Hippocampus;Left-Hippocampus;81;81;Left-Hippocampus;Left-Hippocampus;418;16.441667
1013;1014;Left-Hippocampus;Left-Amygdala;81;82;Left-Hippocampus;Left-Amygdala;367;17.974998
994;1013;lh.insula_12;Left-Hippocampus;75;81;ctx-lh-insula;Left-Hippocampus;400;15.509091
35;73;rh.parstriangularis_8;rh.rostralmiddlefrontal_3;5;7;ctx-rh-parstriangularis;ctx-rh-rostralmiddlefrontal;335;27.719997
35;70;rh.parstriangularis_8;rh.rostralmiddlefrontal_2;5;7;ctx-rh-parstriangularis;ctx-rh-rostralmiddlefrontal;317;23.999998
11;504;rh.lateralorbitofrontal_13;Right-Putamen;1;37;ctx-rh-lateralorbitofrontal;Right-Putamen;349;23.200005
511;1010;lh.lateralorbitofrontal_6;Left-Putamen;42;78;ctx-lh-lateralorbitofrontal;Left-Putamen;319;19.800001
689;1010;lh.rostralanteriorcingulate_4;Left-Putamen;53;78;ctx-lh-rostralanteriorcingulate;Left-Putamen;382;31.040001
689;1009;lh.rostralanteriorcingulate_4;Left-Caudate;53;77;ctx-lh-rostralanteriorcingulate;Left-Caudate;411;18.105883
73;504;rh.rostralmiddlefrontal_3;Right-Putamen;7;37;ctx-rh-rostralmiddlefrontal;Right-Putamen;395;40.893335
198;503;rh.posteriorcingulate_6;Right-Caudate;14;36;ctx-rh-posteriorcingulate;Right-Caudate;306;13.073335
489;504;rh.insula_4;Right-Putamen;34;37;ctx-rh-insula;Right-Putamen;326;13.500002
585;586;lh.superiorfrontal_32;lh.superiorfrontal_8;49;49;ctx-lh-superiorfrontal;ctx-lh-superiorfrontal;319;12.900005
585;587;lh.superiorfrontal_32;lh.superiorfrontal_14;49;49;ctx-lh-superiorfrontal;ctx-lh-superiorfrontal;310;12.840002
957;1013;lh.bankssts_2;Left-Hippocampus;72;81;ctx-lh-bankssts;Left-Hippocampus;298;21.650009
202;507;rh.isthmuscingulate_4;Right-Hippocampus;15;40;ctx-rh-isthmuscingulate;Right-Hippocampus;311;15.520003
184;503;rh.caudalanteriorcingulate_1;Right-Caudate;13;36;ctx-rh-caudalanteriorcingulate;Right-Caudate;414;12.445804
131;504;rh.caudalmiddlefrontal_6;Right-Putamen;9;37;ctx-rh-caudalmiddlefrontal;Right-Putamen;335;34.033333
131;503;rh.caudalmiddlefrontal_6;Right-Caudate;9;36;ctx-rh-caudalmiddlefrontal;Right-Caudate;317;22.666667
181;503;rh.rostralanteriorcingulate_1;Right-Caudate;12;36;ctx-rh-rostralanteriorcingulate;Right-Caudate;356;17.766667
181;504;rh.rostralanteriorcingulate_1;Right-Putamen;12;37;ctx-rh-rostralanteriorcingulate;Right-Putamen;372;30.315715
502;503;Right-Thalamus-Proper;Right-Caudate;35;36;Right-Thalamus-Proper;Right-Caudate;418;14.703846
502;506;Right-Thalamus-Proper;Right-Accumbens-area;35;39;Right-Thalamus-Proper;Right-Accumbens-area;387;16.745453
502;1008;Right-Thalamus-Proper;Left-Thalamus-Proper;35;76;Right-Thalamus-Proper;Left-Thalamus-Proper;414;21.569382
502;504;Right-Thalamus-Proper;Right-Putamen;35;37;Right-Thalamus-Proper;Right-Putamen;418;17.000002
502;502;Right-Thalamus-Proper;Right-Thalamus-Proper;35;35;Right-Thalamus-Proper;Right-Thalamus-Proper;418;15.087301
502;505;Right-Thalamus-Proper;Right-Pallidum;35;38;Right-Thalamus-Proper;Right-Pallidum;409;15.199999
502;508;Right-Thalamus-Proper;Right-Amygdala;35;41;Right-Thalamus-Proper;Right-Amygdala;384;18.827272
502;1015;Right-Thalamus-Proper;Brain-Stem;35;83;Right-Thalamus-Proper;Brain-Stem;417;16.680002
502;507;Right-Thalamus-Proper;Right-Hippocampus;35;40;Right-Thalamus-Proper;Right-Hippocampus;418;15.668189
154;504;rh.precentral_16;Right-Putamen;10;37;ctx-rh-precentral;Right-Putamen;364;38.051663
159;504;rh.precentral_7;Right-Putamen;10;37;ctx-rh-precentral;Right-Putamen;413;35.242723
159;162;rh.precentral_7;rh.precentral_33;10;10;ctx-rh-precentral;ctx-rh-precentral;295;16.527277
159;505;rh.precentral_7;Right-Pallidum;10;38;ctx-rh-precentral;Right-Pallidum;320;43.625017
159;503;rh.precentral_7;Right-Caudate;10;36;ctx-rh-precentral;Right-Caudate;381;21.654545
553;1010;lh.parsopercularis_4;Left-Putamen;47;78;ctx-lh-parsopercularis;Left-Putamen;315;19.177780
1003;1010;lh.insula_15;Left-Putamen;75;78;ctx-lh-insula;Left-Putamen;319;14.733336
270;326;rh.superiorparietal_9;rh.precuneus_20;18;20;ctx-rh-superiorparietal;ctx-rh-precuneus;297;15.923076
195;503;rh.posteriorcingulate_3;Right-Caudate;14;36;ctx-rh-posteriorcingulate;Right-Caudate;317;12.640005
698;1009;lh.posteriorcingulate_5;Left-Caudate;55;77;ctx-lh-posteriorcingulate;Left-Caudate;407;12.480002
538;1010;lh.medialorbitofrontal_7;Left-Putamen;45;78;ctx-lh-medialorbitofrontal;Left-Putamen;308;25.392305
538;1009;lh.medialorbitofrontal_7;Left-Caudate;45;77;ctx-lh-medialorbitofrontal;Left-Caudate;377;15.466670
552;1010;lh.parsopercularis_8;Left-Putamen;47;78;ctx-lh-parsopercularis;Left-Putamen;349;18.566661
552;1009;lh.parsopercularis_8;Left-Caudate;47;77;ctx-lh-parsopercularis;Left-Caudate;319;20.057138
521;1010;lh.lateralorbitofrontal_8;Left-Putamen;42;78;ctx-lh-lateralorbitofrontal;Left-Putamen;358;26.821430
521;545;lh.lateralorbitofrontal_8;lh.parstriangularis_6;42;46;ctx-lh-lateralorbitofrontal;ctx-lh-parstriangularis;372;14.300003
598;604;lh.superiorfrontal_45;lh.superiorfrontal_19;49;49;ctx-lh-superiorfrontal;ctx-lh-superiorfrontal;298;12.475004
162;178;rh.precentral_33;rh.paracentral_7;10;11;ctx-rh-precentral;ctx-rh-paracentral;344;13.777776
647;686;lh.precentral_33;lh.paracentral_5;51;52;ctx-lh-precentral;ctx-lh-paracentral;345;12.749994
647;685;lh.precentral_33;lh.paracentral_6;51;52;ctx-lh-precentral;ctx-lh-paracentral;307;14.533333
1008;1013;Left-Thalamus-Proper;Left-Hippocampus;76;81;Left-Thalamus-Proper;Left-Hippocampus;418;15.487691
1008;1012;Left-Thalamus-Proper;Left-Accumbens-area;76;80;Left-Thalamus-Proper;Left-Accumbens-area;397;14.890911
1008;1008;Left-Thalamus-Proper;Left-Thalamus-Proper;76;76;Left-Thalamus-Proper;Left-Thalamus-Proper;418;14.596153
1008;1015;Left-Thalamus-Proper;Brain-Stem;76;83;Left-Thalamus-Proper;Brain-Stem;418;16.286222
1008;1009;Left-Thalamus-Proper;Left-Caudate;76;77;Left-Thalamus-Proper;Left-Caudate;418;15.337581
1008;1010;Left-Thalamus-Proper;Left-Putamen;76;78;Left-Thalamus-Proper;Left-Putamen;418;15.956267
1008;1011;Left-Thalamus-Proper;Left-Pallidum;76;79;Left-Thalamus-Proper;Left-Pallidum;417;14.449999
1008;1014;Left-Thalamus-Proper;Left-Amygdala;76;82;Left-Thalamus-Proper;Left-Amygdala;395;19.000004
602;1009;lh.superiorfrontal_29;Left-Caudate;49;77;ctx-lh-superiorfrontal;Left-Caudate;312;26.075804
701;1009;lh.posteriorcingulate_2;Left-Caudate;55;77;ctx-lh-posteriorcingulate;Left-Caudate;342;12.816669
467;507;rh.superiortemporal_21;Right-Hippocampus;32;40;ctx-rh-superiortemporal;Right-Hippocampus;328;16.003334
731;1010;lh.postcentral_31;Left-Putamen;57;78;ctx-lh-postcentral;Left-Putamen;319;29.799999
41;73;rh.parstriangularis_7;rh.rostralmiddlefrontal_3;5;7;ctx-rh-parstriangularis;ctx-rh-rostralmiddlefrontal;311;25.300000
688;1009;lh.rostralanteriorcingulate_1;Left-Caudate;53;77;ctx-lh-rostralanteriorcingulate;Left-Caudate;405;13.033333
657;1010;lh.precentral_4;Left-Putamen;51;78;ctx-lh-precentral;Left-Putamen;397;30.774998
657;662;lh.precentral_4;lh.precentral_25;51;51;ctx-lh-precentral;ctx-lh-precentral;335;15.400007
657;1009;lh.precentral_4;Left-Caudate;51;77;ctx-lh-precentral;Left-Caudate;331;20.200012
657;661;lh.precentral_4;lh.precentral_6;51;51;ctx-lh-precentral;ctx-lh-precentral;302;13.510002
866;895;lh.lateraloccipital_3;lh.fusiform_17;64;66;ctx-lh-lateraloccipital;ctx-lh-fusiform;322;13.145713
693;1009;lh.caudalanteriorcingulate_5;Left-Caudate;54;77;ctx-lh-caudalanteriorcingulate;Left-Caudate;376;14.047223
503;1008;Right-Caudate;Left-Thalamus-Proper;36;76;Right-Caudate;Left-Thalamus-Proper;293;27.745456
503;504;Right-Caudate;Right-Putamen;36;37;Right-Caudate;Right-Putamen;418;19.015876
503;505;Right-Caudate;Right-Pallidum;36;38;Right-Caudate;Right-Pallidum;418;18.010348
503;508;Right-Caudate;Right-Amygdala;36;41;Right-Caudate;Right-Amygdala;296;26.135001
503;507;Right-Caudate;Right-Hippocampus;36;40;Right-Caudate;Right-Hippocampus;382;28.814836
503;503;Right-Caudate;Right-Caudate;36;36;Right-Caudate;Right-Caudate;417;17.252168
503;1009;Right-Caudate;Left-Caudate;36;77;Right-Caudate;Left-Caudate;416;22.022459
770;991;lh.superiorparietal_25;lh.insula_5;59;75;ctx-lh-superiorparietal;ctx-lh-insula;329;19.299998
770;826;lh.superiorparietal_25;lh.precuneus_12;59;61;ctx-lh-superiorparietal;ctx-lh-precuneus;313;16.542855
188;503;rh.caudalanteriorcingulate_3;Right-Caudate;13;36;ctx-rh-caudalanteriorcingulate;Right-Caudate;413;11.800005
641;1010;lh.caudalmiddlefrontal_10;Left-Putamen;50;78;ctx-lh-caudalmiddlefrontal;Left-Putamen;367;32.679993
641;1009;lh.caudalmiddlefrontal_10;Left-Caudate;50;77;ctx-lh-caudalmiddlefrontal;Left-Caudate;353;21.750005
623;1009;lh.superiorfrontal_43;Left-Caudate;49;77;ctx-lh-superiorfrontal;Left-Caudate;293;25.700005
158;504;rh.precentral_27;Right-Putamen;10;37;ctx-rh-precentral;Right-Putamen;348;43.003572
46;49;rh.parsopercularis_9;rh.parsopercularis_7;6;6;ctx-rh-parsopercularis;ctx-rh-parsopercularis;311;12.599998
562;1010;lh.rostralmiddlefrontal_19;Left-Putamen;48;78;ctx-lh-rostralmiddlefrontal;Left-Putamen;316;34.448707
562;566;lh.rostralmiddlefrontal_19;lh.rostralmiddlefrontal_4;48;48;ctx-lh-rostralmiddlefrontal;ctx-lh-rostralmiddlefrontal;325;19.041667
997;1010;lh.insula_14;Left-Putamen;75;78;ctx-lh-insula;Left-Putamen;320;13.299998
183;504;rh.rostralanteriorcingulate_3;Right-Putamen;12;37;ctx-rh-rostralanteriorcingulate;Right-Putamen;322;31.383334
183;503;rh.rostralanteriorcingulate_3;Right-Caudate;12;36;ctx-rh-rostralanteriorcingulate;Right-Caudate;308;17.146665
497;504;rh.insula_14;Right-Putamen;34;37;ctx-rh-insula;Right-Putamen;343;15.839996
546;549;lh.parstriangularis_2;lh.parsopercularis_7;46;47;ctx-lh-parstriangularis;ctx-lh-parsopercularis;322;13.327206
522;545;lh.lateralorbitofrontal_5;lh.parstriangularis_6;42;46;ctx-lh-lateralorbitofrontal;ctx-lh-parstriangularis;308;20.670003
609;622;lh.superiorfrontal_20;lh.superiorfrontal_15;49;49;ctx-lh-superiorfrontal;ctx-lh-superiorfrontal;295;15.200000
609;615;lh.superiorfrontal_20;lh.superiorfrontal_18;49;49;ctx-lh-superiorfrontal;ctx-lh-superiorfrontal;340;13.599996
1007;1010;lh.insula_17;Left-Putamen;75;78;ctx-lh-insula;Left-Putamen;386;13.624445
1007;1014;lh.insula_17;Left-Amygdala;75;82;ctx-lh-insula;Left-Amygdala;351;16.028569
190;503;rh.posteriorcingulate_8;Right-Caudate;14;36;ctx-rh-posteriorcingulate;Right-Caudate;317;12.914287
95;98;rh.superiorfrontal_37;rh.superiorfrontal_25;8;8;ctx-rh-superiorfrontal;ctx-rh-superiorfrontal;328;13.708336
313;507;rh.precuneus_6;Right-Hippocampus;20;40;ctx-rh-precuneus;Right-Hippocampus;303;16.150000
779;826;lh.superiorparietal_16;lh.precuneus_12;59;61;ctx-lh-superiorparietal;ctx-lh-precuneus;294;16.281332
504;505;Right-Putamen;Right-Pallidum;37;38;Right-Putamen;Right-Pallidum;416;14.270836
504;508;Right-Putamen;Right-Amygdala;37;41;Right-Putamen;Right-Amygdala;385;13.999999
504;507;Right-Putamen;Right-Hippocampus;37;40;Right-Putamen;Right-Hippocampus;372;20.896968
504;504;Right-Putamen;Right-Putamen;37;37;Right-Putamen;Right-Putamen;417;15.369233
697;1010;lh.caudalanteriorcingulate_3;Left-Putamen;54;78;ctx-lh-caudalanteriorcingulate;Left-Putamen;303;26.599995
697;1009;lh.caudalanteriorcingulate_3;Left-Caudate;54;77;ctx-lh-caudalanteriorcingulate;Left-Caudate;411;12.900000
697;703;lh.caudalanteriorcingulate_3;lh.posteriorcingulate_6;54;55;ctx-lh-caudalanteriorcingulate;ctx-lh-posteriorcingulate;308;24.799999
1010;1013;Left-Putamen;Left-Hippocampus;78;81;Left-Putamen;Left-Hippocampus;412;16.960000
1010;1011;Left-Putamen;Left-Pallidum;78;79;Left-Putamen;Left-Pallidum;388;14.866668
1010;1010;Left-Putamen;Left-Putamen;78;78;Left-Putamen;Left-Putamen;418;14.962951
1010;1014;Left-Putamen;Left-Amygdala;78;82;Left-Putamen;Left-Amygdala;417;14.700004
203;507;rh.isthmuscingulate_5;Right-Hippocampus;15;40;ctx-rh-isthmuscingulate;Right-Hippocampus;355;13.413338
165;172;rh.precentral_29;rh.paracentral_3;10;11;ctx-rh-precentral;ctx-rh-paracentral;342;12.756816
165;178;rh.precentral_29;rh.paracentral_7;10;11;ctx-rh-precentral;ctx-rh-paracentral;322;14.407691
771;826;lh.superiorparietal_13;lh.precuneus_12;59;61;ctx-lh-superiorparietal;ctx-lh-precuneus;296;15.449997
808;1013;lh.inferiorparietal_21;Left-Hippocampus;60;81;ctx-lh-inferiorparietal;Left-Hippocampus;334;32.563336
186;503;rh.caudalanteriorcingulate_4;Right-Caudate;13;36;ctx-rh-caudalanteriorcingulate;Right-Caudate;346;12.358088
147;159;rh.precentral_26;rh.precentral_7;10;10;ctx-rh-precentral;ctx-rh-precentral;334;26.349990
223;504;rh.postcentral_29;Right-Putamen;16;37;ctx-rh-postcentral;Right-Putamen;329;41.299995
516;1010;lh.lateralorbitofrontal_7;Left-Putamen;42;78;ctx-lh-lateralorbitofrontal;Left-Putamen;307;14.400000
669;1010;lh.precentral_15;Left-Putamen;51;78;ctx-lh-precentral;Left-Putamen;401;18.927274
669;1009;lh.precentral_15;Left-Caudate;51;77;ctx-lh-precentral;Left-Caudate;302;20.885001
121;504;rh.caudalmiddlefrontal_8;Right-Putamen;9;37;ctx-rh-caudalmiddlefrontal;Right-Putamen;293;34.723074
487;504;rh.insula_13;Right-Putamen;34;37;ctx-rh-insula;Right-Putamen;406;17.992855
494;504;rh.insula_10;Right-Putamen;34;37;ctx-rh-insula;Right-Putamen;370;14.614290
117;120;rh.superiorfrontal_31;rh.superiorfrontal_26;8;8;ctx-rh-superiorfrontal;ctx-rh-superiorfrontal;352;14.533336
852;866;lh.pericalcarine_6;lh.lateraloccipital_3;63;64;ctx-lh-pericalcarine;ctx-lh-lateraloccipital;346;14.826040
63;504;rh.rostralmiddlefrontal_23;Right-Putamen;7;37;ctx-rh-rostralmiddlefrontal;Right-Putamen;314;37.465002
455;507;rh.bankssts_1;Right-Hippocampus;31;40;ctx-rh-bankssts;Right-Hippocampus;369;23.400002
179;258;rh.paracentral_8;rh.superiorparietal_10;11;18;ctx-rh-paracentral;ctx-rh-superiorparietal;330;14.100005
696;1009;lh.caudalanteriorcingulate_2;Left-Caudate;54;77;ctx-lh-caudalanteriorcingulate;Left-Caudate;409;12.350000
713;1013;lh.isthmuscingulate_3;Left-Hippocampus;56;81;ctx-lh-isthmuscingulate;Left-Hippocampus;313;12.533335
676;738;lh.precentral_23;lh.postcentral_10;51;57;ctx-lh-precentral;ctx-lh-postcentral;317;13.499990
505;505;Right-Pallidum;Right-Pallidum;38;38;Right-Pallidum;Right-Pallidum;362;13.168888
505;506;Right-Pallidum;Right-Accumbens-area;38;39;Right-Pallidum;Right-Accumbens-area;317;12.600002
505;507;Right-Pallidum;Right-Hippocampus;38;40;Right-Pallidum;Right-Hippocampus;397;19.087500
505;508;Right-Pallidum;Right-Amygdala;38;41;Right-Pallidum;Right-Amygdala;350;15.199997
712;1013;lh.isthmuscingulate_2;Left-Hippocampus;56;81;ctx-lh-isthmuscingulate;Left-Hippocampus;387;13.866665
499;508;rh.insula_2;Right-Amygdala;34;41;ctx-rh-insula;Right-Amygdala;381;13.400006
499;504;rh.insula_2;Right-Putamen;34;37;ctx-rh-insula;Right-Putamen;326;15.199996
66;504;rh.rostralmiddlefrontal_14;Right-Putamen;7;37;ctx-rh-rostralmiddlefrontal;Right-Putamen;329;41.333323
70;504;rh.rostralmiddlefrontal_2;Right-Putamen;7;37;ctx-rh-rostralmiddlefrontal;Right-Putamen;361;40.200005
1009;1013;Left-Caudate;Left-Hippocampus;77;81;Left-Caudate;Left-Hippocampus;343;26.199997
1009;1011;Left-Caudate;Left-Pallidum;77;79;Left-Caudate;Left-Pallidum;418;16.476736
1009;1010;Left-Caudate;Left-Putamen;77;78;Left-Caudate;Left-Putamen;418;18.775046
1009;1009;Left-Caudate;Left-Caudate;77;77;Left-Caudate;Left-Caudate;418;17.097222
141;504;rh.precentral_20;Right-Putamen;10;37;ctx-rh-precentral;Right-Putamen;368;21.483336
654;1010;lh.precentral_16;Left-Putamen;51;78;ctx-lh-precentral;Left-Putamen;382;38.400004
654;1008;lh.precentral_16;Left-Thalamus-Proper;51;76;ctx-lh-precentral;Left-Thalamus-Proper;337;33.357145
655;1010;lh.precentral_35;Left-Putamen;51;78;ctx-lh-precentral;Left-Putamen;295;36.399986
703;1008;lh.posteriorcingulate_6;Left-Thalamus-Proper;55;76;ctx-lh-posteriorcingulate;Left-Thalamus-Proper;359;22.800000
703;1010;lh.posteriorcingulate_6;Left-Putamen;55;78;ctx-lh-posteriorcingulate;Left-Putamen;325;29.499996
703;1009;lh.posteriorcingulate_6;Left-Caudate;55;77;ctx-lh-posteriorcingulate;Left-Caudate;385;14.160001
491;507;rh.insula_15;Right-Hippocampus;34;40;ctx-rh-insula;Right-Hippocampus;317;13.520001
473;507;rh.superiortemporal_11;Right-Hippocampus;32;40;ctx-rh-superiortemporal;Right-Hippocampus;340;14.083329
3;504;rh.lateralorbitofrontal_5;Right-Putamen;1;37;ctx-rh-lateralorbitofrontal;Right-Putamen;356;14.200006
597;602;lh.superiorfrontal_38;lh.superiorfrontal_29;49;49;ctx-lh-superiorfrontal;ctx-lh-superiorfrontal;312;12.919909
597;607;lh.superiorfrontal_38;lh.superiorfrontal_22;49;49;ctx-lh-superiorfrontal;ctx-lh-superiorfrontal;303;15.599998
111;127;rh.superiorfrontal_28;rh.caudalmiddlefrontal_11;8;9;ctx-rh-superiorfrontal;ctx-rh-caudalmiddlefrontal;359;24.799992
146;504;rh.precentral_22;Right-Putamen;10;37;ctx-rh-precentral;Right-Putamen;325;33.000015
146;159;rh.precentral_22;rh.precentral_7;10;10;ctx-rh-precentral;ctx-rh-precentral;379;21.399994
4;504;rh.lateralorbitofrontal_6;Right-Putamen;1;37;ctx-rh-lateralorbitofrontal;Right-Putamen;398;18.645002
4;73;rh.lateralorbitofrontal_6;rh.rostralmiddlefrontal_3;1;7;ctx-rh-lateralorbitofrontal;ctx-rh-rostralmiddlefrontal;316;27.606461
196;503;rh.posteriorcingulate_9;Right-Caudate;14;36;ctx-rh-posteriorcingulate;Right-Caudate;325;13.400000
